x1,x2,label
0.496271308,-0.342753486,1
-0.166299562,0.922342089,0
0.718956009,0.665290385,0
-0.337840037,0.912074315,0
0.103768466,0.116945884,1
0.702804077,0.667719759,0
-0.6149035,0.881684228,0
0.667834895,-0.456814708,1
0.803439194,0.768418567,0
0.434519427,0.833548263,0
-0.451525899,0.867687892,0
0.573178884,-0.41343333,1
1.566416992,-0.440186061,1
1.396257689,-0.353635293,1
1.011969177,-0.562964376,1
1.071866136,-0.033928733,0
-0.067704888,0.985936552,0
1.739636396,-0.173038833,1
0.214441476,-0.128790119,1
0.984291968,-0.469512915,1
1.998866985,0.349441403,1
1.132009496,-0.548605573,1
0.082510822,0.989595942,0
0.713686156,-0.499898527,1
-1.036179694,0.389092784,0
0.475082269,-0.369990181,1
0.18580061,0.952637594,0
0.119730858,0.022406086,1
1.993655073,0.4454781,1
0.637445824,0.74790066,0
1.068196213,-0.482278101,1
-0.148473534,1.050312758,0
0.386806775,0.980657371,0
-0.17867141,0.940450455,0
1.28225842,-0.396342683,1
-0.980326278,0.100862997,0
1.987377315,0.464476588,1
0.126747575,-0.112373102,1
0.444393794,-0.291782627,1
0.615013112,0.72449528,0
-0.907855535,0.515206398,0
0.006889542,0.971489117,0
1.815500768,0.005441867,1
1.973811225,0.316883897,1
0.88813884,-0.557867083,1
0.013169431,1.01493028,0
1.958637427,0.154445751,1
0.466268928,0.879143838,0
0.42397682,0.988572215,0
0.669983765,0.789332731,0
0.549955536,0.826760298,0
0.652881042,0.678938571,0
0.167620134,0.124024881,1
2.021983079,0.289367022,1
2.036311811,0.392122784,1
-0.705304116,0.802209443,0
0.72172124,-0.446847131,1
-1.057252237,0.288871342,0
0.538738185,0.707988152,0
-0.730453336,0.641255188,0
-0.085058403,1.040616915,0
0.446516799,0.817575473,0
0.895366621,0.414274478,0
0.299042303,-0.121881919,1
0.340814514,-0.268885782,1
0.640343448,-0.425106724,1
-0.104820555,0.874744548,0
1.025807547,0.030871384,0
1.500083371,-0.388379593,1
1.058556583,-0.486871461,1
0.153142636,0.143905963,1
0.6988317,0.732749835,0
0.337857,1.001805562,0
0.582375816,0.779731101,0
0.516630643,0.908242054,0
-0.012160731,0.549716815,1
0.377415283,-0.209377158,1
0.398307413,0.876079773,0
0.079608719,0.407016839,1
0.932145815,0.253114419,0
0.39030422,-0.209081661,1
-0.548918653,0.775369489,0
0.601761218,-0.472309666,1
0.330164247,-0.214821234,1
1.87019758,0.073265906,1
0.239897615,-0.051028347,1
-0.173535712,1.009318473,0
0.596136488,-0.400319379,1
0.573521262,-0.352605258,1
2.056515666,0.169410145,1
0.608282627,0.768349396,0
0.009094153,0.943834905,0
0.940722135,0.280645491,0
0.460975056,-0.396293062,1
1.592816403,-0.425293632,1
1.495644161,-0.381199328,1
1.721367353,-0.131403377,1
1.575977226,-0.28695985,1
0.0200877,0.569959224,1
0.811550653,0.576702103,0
0.055550147,0.272523492,1
1.819474548,-0.054581542,1
1.103557817,-0.453436965,1
0.409391516,1.025251558,0
0.737368738,0.751975172,0
0.872073802,0.504963641,0
0.785828727,-0.466771344,1
0.962391962,-0.564114832,1
-0.110209564,0.953937923,0
-0.070268425,0.997614462,0
1.378774015,-0.458579216,1
1.738328021,-0.388595162,1
0.639143575,-0.496514826,1
0.078785963,-1.83E-06,1
0.040086944,0.090268352,1
1.576895562,-0.287796689,1
-0.200911834,1.063325923,0
0.998387141,0.144506205,0
0.323511929,-0.122834211,1
0.264925795,1.015290279,0
0.100261246,-0.06560249,1
1.658930396,-0.317579869,1
1.947505177,0.131751045,1
0.983862295,-0.48442856,1
0.157344756,-0.017764862,1
0.891421118,-0.564348119,1
1.660918168,-0.35771825,1
-0.800243622,0.655224201,0
-0.887394311,0.572426057,0
0.19267552,-0.208585052,1
0.436820711,-0.373581503,1
1.544491811,-0.292623577,1
0.781851289,0.650671664,0
-0.974938245,0.42330341,0
2.057087519,0.445393593,1
0.104282721,0.139031153,1
-0.900359557,0.514926179,0
0.110122916,0.15203961,1
0.132427545,-0.100306924,1
1.588997091,-0.316329721,1
0.635978632,-0.299897536,1
-0.931900188,0.393856401,0
0.439266577,-0.440380956,1
0.14152062,0.10624562,1
-0.918870189,0.431856031,0
0.962586574,-0.431892297,1
-0.217579219,0.993247162,0
0.800561796,-0.441895295,1
-1.040423473,0.047103059,0
1.044428004,0.208865482,0
1.810265099,0.077612654,1
1.759603562,-0.009135814,1
0.902234529,0.578826156,0
-0.012209883,0.400599069,1
-0.821795342,0.444679868,0
0.193362886,-0.173325101,1
1.713100024,-0.297758383,1
-0.967451995,0.222840371,0
1.055905397,-0.589195039,1
0.504377876,0.887086861,0
0.547195004,0.819841314,0
0.299226492,-0.193671105,1
1.487537118,-0.376295615,1
0.835609161,0.513659311,0
0.658153517,-0.423460872,1
1.233341679,-0.417314497,1
0.809140681,0.420954739,0
0.746324459,0.693302577,0
0.949127625,0.445078042,0
1.054586548,0.125272876,0
0.517902151,0.890200735,0
1.768828705,-0.051471034,1
0.205700965,-0.161854076,1
0.739271374,0.680402305,0
0.262667239,0.935655124,0
0.342982783,-0.260147654,1
1.475911583,-0.406119243,1
-0.504363701,0.856305387,0
1.913484039,0.238541632,1
0.00402296,0.175472118,1
-0.55424716,0.674362837,0
0.970431911,0.213194458,0
0.928016728,0.114637845,0
1.114423781,-0.505298916,1
0.413874809,1.037991409,0
-0.909651204,0.566536968,0
0.129417106,0.983639594,0
0.25208664,-0.173060767,1
2.046958886,0.18112189,1
0.668592342,0.790053448,0
1.040943091,0.045980371,0
-0.942210764,0.466921032,0
0.899338687,-0.583971015,1
-0.948669308,0.43053789,0
-0.028274393,1.008480251,0
0.377595667,-0.349484189,1
0.177069684,0.978918824,0
2.010136849,0.261437972,1
-0.411131004,0.892557617,0
1.306855176,-0.507744696,1
-1.060357092,0.0386466,0
-0.736547731,0.808592347,0
1.91021162,0.181974679,1
0.877901106,-0.447352821,1
0.85232828,0.416397709,0
-0.369798604,0.969104716,0
1.331885879,-0.389373432,1
-0.020268858,0.176745838,1
0.46689378,-0.341575361,1
-0.488443955,0.868593766,0
1.583978805,-0.33380039,1
0.680046277,-0.516741243,1
-0.433419595,0.840947048,0
2.047736711,0.11577495,1
-0.02538168,0.204912109,1
0.040867787,0.437196667,1
1.409347162,-0.32289744,1
0.241290314,-0.14864414,1
0.547439036,0.792839258,0
0.419439299,0.934154853,0
0.990374106,0.317210175,0
-0.932609216,0.226892057,0
0.96414494,0.154370224,0
0.365349764,0.88055635,0
1.966250254,0.282547716,1
1.382008151,-0.428482216,1
1.77457046,-0.079092743,1
1.279361785,-0.475286815,1
-0.327030025,0.942493536,0
-0.846831474,0.598684217,0
1.821176397,0.15414431,1
-0.29701239,0.964663637,0
0.284677945,-0.246231794,1
0.03661901,0.871614617,0
-0.882685886,0.561392988,0
0.463534264,-0.405212004,1
-1.019288911,0.096581011,0
1.186579717,-0.503268795,1
1.064199368,0.203492006,0
-0.014080176,0.984261861,0
-0.260530744,0.937733563,0
0.476118514,0.888052886,0
-0.899156126,0.370779833,0
-0.967527154,0.198585697,0
0.080516056,0.3043941,1
-0.152795178,0.994968198,0
0.134036643,-0.026378121,1
0.342459858,0.048616053,1
0.789415987,-0.523685357,1
1.758768152,-0.136356243,1
0.380486895,0.954451431,0
0.291564509,-0.184119051,1
-0.571588615,0.771130523,0
-0.078581544,0.267424098,1
-0.897296023,0.405562883,0
-0.734993333,0.686952318,0
-0.082653512,0.991224278,0
0.358198693,-0.181583439,1
0.458459467,-0.396925334,1
0.172811111,0.984229231,0
0.740392872,-0.470820954,1
1.00605469,0.239333492,0
-0.431573357,0.914546239,0
1.696607031,-0.309738429,1
1.932288601,0.376845788,1
0.929764525,0.453515664,0
2.03558773,0.568314539,1
0.976158203,0.124099437,0
0.463355149,-0.424724739,1
-0.601508539,0.752202814,0
-0.562183299,0.802706425,0
0.572949111,0.839056554,0
0.40551937,-0.279835517,1
1.357518281,-0.454862296,1
0.096638013,1.01599996,0
-0.890865791,0.537475684,0
0.086266127,-0.108600747,1
-0.282772072,0.980813545,0
0.471907158,0.92653339,0
0.366001416,0.86481197,0
0.657706695,0.909999222,0
0.563239589,-0.350303643,1
1.00159374,-0.56499355,1
1.214815664,-0.449014209,1
1.486305934,-0.402687795,1
0.874145099,0.154797497,0
1.836477696,-0.104013613,1
0.027895631,0.289414615,1
-0.02532433,0.509604881,1
0.616037597,0.919442933,0
0.028360408,0.46453828,1
0.752592299,0.689398936,0
0.59099229,0.717414919,0
0.017416738,0.978640558,0
0.623179631,-0.385545605,1
1.963936177,0.073109812,1
-0.80962619,0.504688709,0
2.023011805,0.398102861,1
0.282128864,-0.168219476,1
-0.135410541,0.934844763,0
0.927352214,-0.570733861,1
0.701811951,-0.566872168,1
1.925137256,0.111726633,1
-0.831710987,0.413158511,0
0.381554676,-0.333279453,1
1.90129593,0.031872675,1
-0.571051638,0.790012229,0
-1.03099618,0.054977537,0
1.645373963,-0.130236087,1
0.805682024,0.544531183,0
-0.994893753,0.159745173,0
0.126796318,0.142265096,1
0.050546267,0.010417246,1
0.263522783,-0.167431037,1
0.921280439,0.268061973,0
-0.656304988,0.60164104,0
-0.143498995,0.977203741,0
0.945684631,0.585950608,0
0.013708948,0.509968144,1
1.729950582,-0.213764764,1
1.759855268,0.005968315,1
1.155554495,-0.474210919,1
0.195909302,0.924521955,0
-0.931949265,0.38419347,0
0.200642874,1.056856409,0
2.030331288,0.517385366,1
-0.785892079,0.557836888,0
1.936705416,0.058274798,1
0.088426863,0.158999846,1
0.366030451,0.972371277,0
1.078584763,-0.460589969,1
1.256506662,-0.459344178,1
-0.946476743,0.085086027,0
-1.073924744,0.177264449,0
0.118155286,0.129063225,1
0.03685878,0.302329147,1
2.050379899,0.15771284,1
0.053194703,1.02537617,0
0.019130832,0.275516752,1
-0.057567196,0.414117229,1
0.174004326,-0.151689032,1
1.963096237,0.340024019,1
0.792812805,-0.429731664,1
0.542304552,0.79284673,0
1.030703989,0.020613247,0
-0.870394328,0.580659958,0
0.947174286,-0.026290654,0
-0.035914536,0.235092239,1
0.912322577,0.430157732,0
0.393322432,0.871470914,0
1.616672185,-0.278859731,1
1.898796242,0.319587904,1
0.143080658,0.908479486,0
0.833447961,0.460589621,0
0.566370116,0.795584785,0
-0.795690131,0.478968406,0
-0.521797532,0.763925249,0
0.46391835,-0.427474635,1
0.972411268,0.172115494,0
0.328914121,0.989370202,0
-0.330882374,0.879693412,0
1.340195056,-0.452956215,1
-0.356462068,0.927992316,0
-0.223078474,0.927489815,0
0.206803144,-0.043372926,1
-1.059685124,0.207519697,0
-0.88641155,0.239991888,0
0.727927775,0.569232423,0
2.01409659,0.407058486,1
1.108755296,0.07531622,0
-0.923453782,0.049742726,0
0.407517855,0.917457328,0
0.90642901,0.078530634,0
1.610759989,-0.274863083,1
1.068398527,-0.557376024,1
1.843046673,-0.02840161,1
0.274463644,-0.211134329,1
0.914475,0.229287718,0
1.383910336,-0.409745988,1
1.862667854,0.396776777,1
-0.012624845,0.462519121,1
1.689781646,-0.178565735,1
0.262077723,-0.241627353,1
-0.047884286,0.973582532,0
0.880122057,-0.529893232,1
0.902445368,-0.49136533,1
-0.019043158,0.040872785,1
0.707513991,-0.391040548,1
-0.724897136,0.693954339,0
0.372070022,0.914303129,0
0.9278153,0.355252071,0
0.794788002,-0.532710055,1
-0.95785343,0.179511672,0
0.735042315,-0.526674591,1
-0.844149146,0.53747174,0
1.585072985,-0.250572772,1
0.875331834,-0.485009821,1
0.79675811,-0.493820366,1
-0.872318687,0.258631984,0
0.603285927,-0.335369929,1
-0.695869784,0.646880154,0
-0.498993448,0.894351893,0
0.162071564,0.982262132,0
2.007652449,0.283631481,1
1.978689209,0.382973689,1
-0.805040146,0.47093198,0
1.9624109,0.161135598,1
0.930353884,-0.537601728,1
0.934005935,0.067404998,0
-0.754532021,0.540485881,0
-0.60411948,0.71675469,0
-0.974534399,0.157933586,0
-0.05529366,0.985907551,0
1.693047257,-0.202095764,1
-0.811544138,0.595922706,0
0.988753346,0.259067979,0
0.910798401,0.37919347,0
-0.682959663,0.750650224,0
1.190719959,-0.564751041,1
1.682545405,-0.261579389,1
1.047945942,-0.427851498,1
-0.868704448,0.378066482,0
-0.613038277,0.816375406,0
1.642797744,-0.240746966,1
0.716390597,0.720832185,0
0.01463777,0.423204726,1
0.128032832,0.95612196,0
-0.478290862,0.912955305,0
1.066181247,0.076144878,0
-0.775598468,0.623021554,0
1.024818726,0.058189848,0
-1.016538211,0.131742682,0
1.993535383,0.373910297,1
0.484023394,0.906796581,0
0.643276769,0.716529658,0
0.250730707,-0.075191781,1
1.28240218,-0.457560768,1
-0.658439795,0.773162911,0
0.647803009,-0.494806619,1
0.858833414,0.481915739,0
-0.982523278,0.330829146,0
1.055949297,-0.526800404,1
-0.48104901,0.998913859,0
0.011469727,1.010560089,0
1.919934599,0.049774101,1
1.011511661,-0.114709789,0
0.870944923,0.548584588,0
-0.539433254,0.897176504,0
0.023965964,0.047861329,1
0.086763305,0.96894827,0
0.792762176,0.667083745,0
0.803375357,0.553578376,0
1.047347011,0.19793112,0
0.273136209,-0.20846744,1
0.4635163,0.931922781,0
1.001583219,-0.527385768,1
0.263144135,0.834716891,0
0.040992262,0.896198372,0
0.529531246,-0.333571958,1
1.849524698,-0.116135342,1
2.010012812,0.341518933,1
0.954687025,0.056256395,0
-0.961819175,0.555229189,0
-1.037349966,0.178098355,0
1.959099631,0.28115679,1
0.544748149,-0.375624119,1
1.713845156,-0.172760909,1
1.948517761,0.193389425,1
1.585461664,-0.303281269,1
0.887551081,-0.496035598,1
0.017487583,0.961959088,0
1.007602173,0.131019385,0
0.765145037,-0.510643053,1
0.188689314,-0.118159487,1
-0.016114758,0.235161333,1
0.837374544,0.375398454,0
1.974453298,0.550002241,1
1.869912892,-0.159720571,1
-0.051453777,0.22152796,1
0.981590152,0.134118621,0
1.476609261,-0.368614813,1
-0.623377581,0.783102069,0
0.623551069,0.791506974,0
-0.61505921,0.748300441,0
1.50905032,-0.383067963,1
0.971287069,-0.404529668,1
1.670550381,-0.266694052,1
2.057935581,0.172495032,1
0.392839843,1.012722786,0
0.611676702,0.798971797,0
-0.630366704,0.909643234,0
0.085440272,0.00451671,1
0.666127094,0.825488484,0
0.414683017,0.919745879,0
-1.001736488,-0.053692387,0
2.042804668,0.504148111,1
0.737136988,-0.425287107,1
0.888801663,0.554820131,0
-0.791947023,0.641674688,0
1.516304555,-0.409061322,1
-0.840593031,0.539072286,0
-0.105038909,1.011806138,0
1.369622741,-0.547645502,1
0.042257372,0.254584952,1
0.811322668,0.683291554,0
1.576423285,-0.262081695,1
0.184115027,0.931667849,0
0.946175136,-0.470095414,1
0.256001643,0.969495553,0
0.123463295,0.998779181,0
0.779836074,-0.406278085,1
1.299750728,-0.458159651,1
0.246293649,1.006845935,0
1.258167481,-0.510400982,1
0.991526543,0.151969488,0
1.429808694,-0.375910584,1
0.168438522,0.036398294,1
0.817818433,-0.439427727,1
0.250525998,-0.167254575,1
0.02822661,0.452055854,1
-0.176510932,1.006625878,0
0.669382917,0.737935029,0
-0.778768223,0.689070294,0
2.014209344,0.348268234,1
-0.668900546,0.631334441,0
0.700042986,0.775121533,0
0.127050776,0.966583401,0
-0.615549955,0.803913732,0
-0.638228768,0.784227077,0
1.637936446,-0.255957946,1
0.601377673,-0.368817269,1
0.977976438,-0.535715026,1
1.933564973,0.315331531,1
1.392589284,-0.299979017,1
-0.988392333,0.225843691,0
1.810280053,-0.101660172,1
1.658857363,-0.289554645,1
-0.510121582,0.99681836,0
-0.398897416,0.834219926,0
1.503831239,-0.270006143,1
-0.297766254,0.931551405,0
1.038480955,-0.574859372,1
0.595492416,0.725706736,0
-0.788433567,0.711187315,0
-0.961470245,0.252441713,0
-0.013058977,0.918063574,0
0.846958642,0.620696419,0
0.594875107,-0.41535741,1
-0.978066055,0.463218352,0
1.190432248,-0.517136135,1
1.878251836,0.00296047,1
1.924820234,0.123009147,1
0.954405324,0.379896008,0
0.405748318,-0.322683289,1
0.089029007,0.148671292,1
-0.336937393,0.884797981,0
-0.117015863,0.918930755,0
0.396080291,-0.334714693,1
-0.921743413,0.308865379,0
0.850389216,0.430958011,0
0.389592847,-0.277221711,1
1.971561997,0.352262086,1
-0.703930337,0.723666551,0
2.00382626,0.11040879,1
0.056922893,0.112895125,1
0.861733578,0.705571486,0
-0.747621312,0.70297998,0
0.049176938,0.252772999,1
-1.044251836,0.210781869,0
1.918267015,0.106200744,1
0.015492386,0.216828529,1
-0.411690114,0.895505708,0
-0.144124011,0.942843189,0
0.444993207,-0.342964322,1
-0.997800278,-0.022769456,0
0.783241248,0.632166956,0
0.069238946,0.488263009,1
0.080523027,1.034610921,0
0.416876337,-0.287566806,1
0.920496986,0.108863438,0
0.682463294,-0.432382089,1
1.59984143,-0.138062747,1
-0.615892442,0.763435154,0
-0.061584369,1.071994319,0
1.914420692,0.067344395,1
0.510691212,-0.295095819,1
0.236741477,-0.190954788,1
1.131799595,-0.479508554,1
0.739476456,0.653668649,0
1.792722024,-0.198557323,1
1.572358894,-0.415640719,1
-0.165740349,0.934406604,0
-1.017765005,0.233728849,0
1.002052104,0.158602796,0
0.079119314,0.084563083,1
1.014844588,0.046979789,0
1.816077695,-0.144205109,1
-0.980715365,0.171495115,0
-0.703285163,0.717881896,0
-0.959210675,0.262014221,0
1.160088433,-0.458143233,1
0.005612637,0.31502756,1
0.615970182,-0.47911303,1
0.859001777,0.5264473,0
-0.405013648,0.866729523,0
-0.927943647,0.120512852,0
0.847124867,0.428229361,0
-0.01659119,0.386430899,1
-0.094286777,0.252716643,1
1.220940895,-0.534576321,1
0.726582442,0.642565217,0
0.307359651,-0.178594957,1
1.121449652,-0.429976396,1
-0.895723936,0.464041282,0
0.9417081,0.338417413,0
0.069426388,0.168461544,1
0.82439363,-0.472336874,1
1.14064831,-0.493586261,1
-0.791806812,0.590291854,0
1.743109351,-0.110035644,1
-0.199135973,0.987621665,0
1.820614764,0.010974657,1
0.079541956,0.95259094,0
-0.546313942,0.779701394,0
-0.919637412,0.274296795,0
0.183059115,0.969701935,0
0.290056139,0.859715919,0
-0.270504725,0.964013128,0
-0.660529958,0.714735147,0
1.76277008,-0.187882235,1
-0.373096871,0.866082947,0
0.523990306,-0.396502347,1
0.228475314,0.932237162,0
0.80631805,-0.439653499,1
0.040753407,0.23763738,1
1.09917838,-0.483576974,1
0.858105987,0.591586156,0
1.271852802,-0.36914756,1
1.626610956,-0.323549734,1
-0.123638774,0.502025416,1
0.130780321,1.00930477,0
0.243747409,-0.162773107,1
0.010425089,0.566818392,1
-0.508881454,0.957991372,0
-0.593270775,0.753623729,0
0.268535017,-0.204691694,1
0.418662817,-0.342012988,1
0.192743104,-0.091516665,1
-0.911233409,0.235734023,0
0.878684519,0.452581694,0
-0.236781168,0.973836426,0
-0.773232664,0.640352148,0
0.436380198,-0.270299861,1
-0.909861043,0.415215574,0
1.68427124,-0.280306273,1
0.1849357,0.968389194,0
1.052570401,0.178306437,0
0.694703109,0.711501009,0
0.286334893,0.93323985,0
0.652877023,0.636946264,0
1.823728398,-0.184587771,1
0.790306203,-0.510648977,1
0.356343539,-0.254518484,1
0.097082127,0.187908047,1
0.475781884,-0.274717352,1
0.231006995,1.005774448,0
1.795121959,-0.117099016,1
0.801095049,0.567066334,0
0.946899827,0.240960696,0
0.637972195,-0.366622686,1
0.304444615,-0.310947839,1
-0.001807609,0.451750401,1
1.8104737,0.35493635,1
1.013388762,0.238449217,0
-0.798494944,0.460701174,0
0.751566499,-0.415832469,1
0.247444646,-0.177784309,1
0.122301998,0.258486665,1
0.20117877,-0.173880659,1
-0.837225204,0.66982379,0
0.783700512,0.66550874,0
-0.018039653,0.370109099,1
0.437818239,-0.347291374,1
-0.195249194,1.072674258,0
0.060387276,0.278019485,1
-0.913694566,0.429942862,0
1.457969363,-0.290434588,1
0.070242384,1.076922541,0
-0.477699789,0.934233344,0
1.765875887,-0.226672534,1
0.592394465,0.837985936,0
0.950504528,0.419898469,0
0.123299642,1.012985848,0
0.624291026,-0.421913577,1
1.343748416,-0.465895037,1
0.650881314,0.69826593,0
0.844325117,-0.423582431,1
0.269609487,0.830783596,0
-0.123863222,1.098884797,0
1.702335678,-0.181973694,1
1.361339497,-0.412906398,1
1.062882894,0.319179166,0
1.869669335,0.234356499,1
0.689880759,-0.357274626,1
-0.4845691,0.882116868,0
-0.0289648,0.400625593,1
-0.91887431,0.469227385,0
1.113433257,-0.500161027,1
1.652721701,-0.21977734,1
1.880378456,0.279036539,1
0.905363891,0.413703596,0
-0.630856141,0.785450202,0
0.98178954,0.172253928,0
0.414366442,0.91497018,0
-0.022159919,0.919562139,0
0.888195081,-0.436918721,1
-0.041294667,0.145085315,1
-0.899382812,0.418387124,0
-0.506611415,0.886181927,0
1.102557419,-0.492328312,1
0.138441227,0.981427578,0
1.272339833,-0.441868373,1
0.958766803,0.232283782,0
1.351935304,-0.466712517,1
0.772700949,0.661287503,0
1.827292412,-0.072849766,1
0.0979167,0.014183652,1
1.77924411,0.001716238,1
0.209754902,1.021342535,0
0.731039429,-0.465005693,1
1.132549149,-0.472395116,1
0.088217367,0.924142751,0
1.681411164,-0.125957956,1
1.773323872,-0.067147555,1
-0.417046923,0.938814779,0
-0.94090062,0.401605349,0
1.063308833,0.266845501,0
1.926716731,0.273951176,1
1.618180847,-0.322080523,1
0.928029217,-0.48131876,1
-0.996930796,0.294634363,0
1.466848073,-0.427067707,1
0.145702123,0.978155773,0
1.863713982,-0.0914112,1
0.313786437,0.962891105,0
-0.015516348,0.371711323,1
1.814466332,0.10411168,1
-0.703468567,0.829161545,0
-0.219408816,1.056911769,0
1.847164146,-0.067938667,1
1.64908181,-0.430068838,1
1.963643928,0.095739961,1
-0.233575696,0.912698965,0
-0.254143729,1.034611023,0
0.947021955,0.359080595,0
-0.495803544,0.776956976,0
-0.010219249,0.094684177,1
0.134275499,-0.084927216,1
0.385201253,-0.217823684,1
0.147112927,0.920659231,0
-0.552964069,0.813834518,0
1.917175465,0.29996803,1
1.238794856,-0.489206451,1
0.806172773,0.564016055,0
0.562590154,0.851648919,0
2.065115743,0.576775733,1
-0.209235327,0.939667937,0
0.586168542,-0.443557895,1
0.21357084,-0.185088253,1
0.026145817,0.417266506,1
0.88851128,-0.501654818,1
2.076864685,0.390374249,1
0.110074481,-0.072791458,1
-0.702487583,0.656149642,0
0.112400474,0.998403771,0
0.970427635,0.408279023,0
-1.037109807,0.364118566,0
-0.973273803,0.242688146,0
0.572524975,-0.45100505,1
1.530145959,-0.409320916,1
0.513327619,0.751046281,0
0.501971897,0.872709617,0
-0.09536721,0.509063316,1
-0.876611201,0.247547368,0
1.560595398,-0.266934475,1
0.272575292,-0.262411465,1
-0.518969614,0.897349072,0
0.488126219,0.886857226,0
1.801540429,-0.205026415,1
-1.023218793,0.079987555,0
0.77131427,0.605260733,0
0.704481918,0.600301528,0
-1.070809561,0.074274219,0
0.89017759,-0.527951298,1
0.933021259,-0.459873826,1
1.906468764,0.028192764,1
-0.331576729,1.021127194,0
-0.047548888,0.193270626,1
1.91795793,-0.00901204,1
0.961895364,0.448328113,0
0.805568722,0.325808806,0
1.329618164,-0.469317356,1
0.185346799,-0.048335333,1
-0.115227404,0.937910616,0
0.770946585,-0.469683131,1
0.968596373,0.455541916,0
0.926831615,-0.541945949,1
0.541606639,0.804993269,0
-0.564031451,0.875822996,0
2.057630793,0.376086708,1
0.140187915,-0.116968228,1
0.608815068,0.8915605,0
0.924562035,0.502568866,0
-0.369075942,0.962036308,0
1.484493681,-0.258392434,1
1.70064576,-0.134131914,1
0.004084671,0.403134535,1
-0.77846874,0.647699598,0
1.794405344,-0.09639422,1
1.071992585,0.205204458,0
0.577728228,-0.370940813,1
0.194561459,0.982626139,0
-0.85515731,0.655290005,0
-1.02212407,-0.016234235,0
-0.072610766,1.068760723,0
-0.502487765,0.793466215,0
-0.965752274,0.255553384,0
0.964323012,0.354031651,0
-0.832630718,0.644305158,0
0.415496897,-0.287617631,1
1.483392609,-0.407043913,1
0.240532245,1.038226531,0
0.889738439,0.587310305,0
1.977430899,0.199799686,1
-0.994073322,0.145032044,0
0.491942279,0.87126758,0
1.943856559,0.323827839,1
0.553875641,0.974438146,0
1.749832793,-0.21138515,1
0.81743023,0.683119045,0
1.025485941,0.311844586,0
-1.041812677,0.065282963,0
0.927883914,0.266655365,0
1.055490741,0.000753593,0
1.617931098,-0.179945686,1
1.864250357,0.007130396,1
-0.775087612,0.593845128,0
-0.778314811,0.724097597,0
-0.265298122,0.911708583,0
-0.006730591,0.213445641,1
1.796149154,-0.077659073,1
0.046005346,1.041694506,0
0.278434616,-0.367632892,1
1.056301656,0.003751921,0
-0.82751783,0.478342725,0
1.761869916,-0.141271913,1
0.203480707,1.035961279,0
0.578188242,-0.45523752,1
-0.353863703,0.891790144,0
0.978292109,-0.505723847,1
0.304723223,0.87220911,0
1.968029052,0.448676138,1
-0.948101846,0.504909713,0
0.749021008,-0.430915887,1
-0.16810329,0.936456491,0
-0.929200037,0.402479399,0
1.969430789,0.241905857,1
0.139603789,0.02628446,1
-0.917266676,0.414950053,0
0.414749969,0.919977663,0
1.137263614,-0.55666394,1
0.692865119,0.682379102,0
1.691508238,-0.117562656,1
0.896427906,0.362007323,0
-0.894701261,0.114667939,0
0.606026603,0.829338721,0
0.002778523,0.040400213,1
-0.78899216,0.559567944,0
1.015191855,-0.063149372,0
-1.127206059,0.033943519,0
0.089661817,-0.129168019,1
-1.008327426,0.307762711,0
0.857693383,0.487736133,0
0.156809155,0.045769367,1
2.039753166,0.536073442,1
0.922406671,0.483239468,0
1.023954204,-0.459292052,1
1.422773595,-0.362876805,1
0.077694501,-0.005754959,1
0.765988563,-0.40349612,1
1.755280249,-0.071935808,1
0.628866419,0.845062254,0
1.86535585,-0.094322114,1
0.837604643,0.576419409,0
0.856077212,0.376384191,0
1.980883588,0.297995471,1
-0.494305629,0.876457434,0
1.163097696,-0.499559059,1
0.822718204,0.631627264,0
1.573270783,-0.323713431,1
0.539157032,0.914428401,0
0.115841901,-0.170725047,1
1.886644807,0.088308658,1
0.491618634,0.831360429,0
1.237571201,-0.536247802,1
0.948462879,0.315025622,0
-1.000791207,0.077147354,0
0.063607326,-0.003558891,1
-0.038413791,0.208159114,1
1.713575174,-0.201461781,1
-0.777612128,0.553862361,0
0.529973732,-0.27854471,1
2.011906207,0.490380352,1
0.025160225,1.064477759,0
1.851780088,0.117649049,1
0.883731371,0.596139166,0
1.895900404,0.25512918,1
0.812409862,0.507357091,0
1.322985697,-0.487688315,1
0.239076534,0.914061568,0
0.161163405,0.954431422,0
-0.714085231,0.747340338,0
1.099938571,-0.481122689,1
1.316430191,-0.43905107,1
0.637416565,-0.45222282,1
0.709381973,-0.493667733,1
1.022628169,0.167742685,0
0.314549606,0.977636326,0
0.768384548,0.648181523,0
-0.293144675,0.912156463,0
0.860515779,0.186809227,0
-0.788605437,0.721582472,0
-0.666886665,0.769339188,0
0.646929522,-0.42694598,1
1.672479101,-0.225886827,1
1.476016367,-0.372135976,1
-0.842952086,0.342001257,0
-0.064826036,1.005729726,0
0.063679911,0.027235057,1
1.447326602,-0.402176952,1
1.532738218,-0.30225635,1
0.295972939,0.991352346,0
1.380630593,-0.498409603,1
-0.302976178,0.941200517,0
-0.493431697,0.859237316,0
-0.999601302,0.336260418,0
-0.830666275,0.718991523,0
-0.980283176,0.155476669,0
0.391268922,-0.370319987,1
1.099411022,-0.559854356,1
-0.275466327,0.986200178,0
0.487357504,-0.413786498,1
-0.378258109,0.827066954,0
0.496749758,-0.299648049,1
1.515076329,-0.303851432,1
0.026683503,1.014931863,0
-0.098799742,1.020515575,0
1.035717599,-0.450236813,1
0.792161322,0.729021616,0
-0.658070903,0.573860813,0
0.320032828,-0.230939655,1
0.829639426,0.565705903,0
0.01896581,0.442025062,1
1.606368314,-0.204380567,1
0.484740668,-0.266998416,1
1.313963755,-0.456586119,1
0.573980054,0.751019582,0
0.007843771,0.247141732,1
1.509727951,-0.329699467,1
0.142883769,-0.01773901,1
0.010814394,0.220911107,1
0.079249667,0.262280189,1
0.727430612,-0.430450113,1
-0.529456085,0.783135214,0
-0.314719161,1.023439484,0
-0.849428692,0.474732361,0
-0.221593123,1.089239289,0
-0.987279245,0.229743031,0
0.770742785,0.652182219,0
0.951870439,0.010946138,0
-0.856354213,0.525437503,0
1.029353518,-0.452735828,1
1.424132611,-0.474353746,1
1.801520464,-0.067370192,1
1.744519511,-0.369512185,1
-0.043461687,0.403861938,1
0.724772428,-0.651344059,1
1.922168621,-0.039368836,1
1.018020175,-0.447123347,1
0.764844705,0.618281411,0
0.930602604,0.50205739,0
0.476355417,0.920287921,0
0.334232002,0.899142681,0
1.716805253,-0.234778299,1
0.902125646,0.227534299,0
-0.364474237,0.933140634,0
0.214953192,0.003565681,1
0.09223476,0.24448243,1
0.893276373,0.390846859,0
-0.483334325,0.914562682,0
2.018903709,0.071256495,1
-0.814642749,0.442269034,0
-0.613654544,0.810521069,0
0.762009369,0.419123359,0
1.434706362,-0.337771995,1
-0.84273683,0.657621038,0
-1.048588785,0.054560707,0
-0.021856638,0.279999018,1
-0.490033993,0.897322586,0
1.867957077,0.06037413,1
0.317957279,-0.226475082,1
0.095654524,1.039185154,0
0.971460189,0.030392969,0
0.844059448,-0.602619639,1
2.057750964,0.335419428,1
1.540388001,-0.31074247,1
0.871085284,-0.605143179,1
0.402828792,-0.230709444,1
1.785589371,-0.12633066,1
0.043547362,0.290105443,1
1.025271006,0.189323965,0
0.518895596,-0.331696944,1
-0.902327336,0.35179167,0
1.017409124,0.106654768,0
2.004714616,0.289078279,1
1.109100405,-0.465286938,1
1.373370213,-0.439987848,1
-1.101112498,0.069447953,0
-0.02043558,0.400366908,1
-0.222363574,0.941012373,0
0.926766706,0.542129248,0
-0.224489214,0.917377273,0
0.937604696,0.070315538,0
0.333241893,0.953593309,0
1.419875029,-0.359572535,1
1.933061558,0.004952201,1
1.825538855,-0.153957714,1
-0.725908162,0.701590275,0
1.182999635,-0.496431009,1
0.979850599,0.278703643,0
0.747287192,0.613190069,0
-0.880120415,0.446538386,0
0.956755818,-0.495208187,1
0.541462198,0.889929559,0
-0.010936516,0.335959428,1
2.049882564,0.312683881,1
0.032664971,0.993500274,0
1.314914715,-0.337890687,1
1.827552921,0.055617255,1
0.015135268,0.207463019,1
0.321187545,0.968582221,0
1.959680475,0.043287488,1
2.051663332,0.440216273,1
1.234955387,-0.527606311,1
-1.00670829,0.135336531,0
-0.013463177,0.296578866,1
-0.900125417,0.387637582,0
0.062448184,-0.002272461,1
0.739082746,-0.429045211,1
-0.945327649,0.002821758,0
-0.319396069,0.99669931,0
-0.818791456,0.54415967,0
0.295365459,0.917985979,0
0.23826026,-0.030367978,1
-0.032849361,1.01117777,0
1.890539136,-0.048710772,1
0.06927024,1.051162088,0
-0.817973972,0.540803322,0
1.50698763,-0.389106814,1
0.865009913,0.570521149,0
1.272596047,-0.403276035,1
0.831473352,0.618589036,0
1.677542221,-0.306636859,1
1.863663701,-0.015044317,1
-0.983659712,0.219491933,0
1.409356119,-0.440830207,1
0.556734763,-0.36275268,1
1.542049293,-0.293176695,1
0.275146411,0.922392004,0
0.839745918,-0.565840052,1
0.594927663,-0.416774373,1
-0.859590912,0.530238259,0
0.878810615,0.444529541,0
-1.089283553,0.174896211,0
1.933961008,0.09655337,1
0.80015759,-0.495279425,1
-0.962623564,0.25542253,0
0.454111152,-0.262031653,1
1.746186576,-0.039707294,1
1.015308919,0.405266537,0
0.084266002,-0.021184121,1
1.425057048,-0.426102459,1
-0.050612211,0.29549349,1
0.29040577,-0.221576244,1
1.053212373,-0.476350441,1
-0.965723889,0.252549045,0
-0.515182311,0.923971511,0
-0.520874104,0.800913363,0
1.717090268,-0.198103469,1
1.383848423,-0.378162394,1
1.914799397,0.08574983,1
-0.135729373,1.055527258,0
-0.982775783,0.016876852,0
1.043566709,-0.534758208,1
0.767395095,-0.499783265,1
-0.858275503,0.439047887,0
-1.00734074,0.156549968,0
0.44230284,-0.335325266,1
-0.643249303,0.715743227,0
0.154169746,0.05879135,1
1.874486175,0.179509163,1
1.257741949,-0.507674363,1
0.842887206,-0.535426047,1
-0.95822653,0.16548784,0
-0.884654386,0.397300329,0
-0.277569948,0.98990261,0
-0.027554723,0.43517988,1
-0.898964138,0.367345331,0
-0.968016911,0.08051927,0
-1.05201961,0.159804656,0
0.489639166,0.909463269,0
0.295100388,-0.33425563,1
-0.293750769,0.941093786,0
-0.962256092,0.027125076,0
0.89219329,0.474452303,0
-0.742804068,0.616451973,0
-0.280649202,0.942420425,0
0.566586193,-0.427991748,1
0.150307747,0.86871582,0
1.23821575,-0.490968308,1
1.530831794,-0.258454177,1
-0.936692261,0.285366329,0
-0.731766148,0.691292032,0
1.940116122,0.476755284,1
-0.942539608,0.330770487,0
0.28759242,0.99683635,0
0.452777569,-0.379058524,1
-0.149537,0.973973552,0
1.032118915,0.337237941,0
0.161169493,-0.178614617,1
0.524032295,0.881967838,0
0.605677656,-0.433666681,1
1.90302898,0.080978144,1
1.411401787,-0.401392823,1
0.086160305,0.002623793,1
-0.112261894,0.627420336,1
-0.958405796,0.032571558,0
0.265949049,0.878926698,0
-0.330154295,0.930493242,0
0.810519913,0.60470938,0
0.965496629,-0.46729078,1
1.015024861,-0.529315128,1
-0.02188192,0.411085022,1
-0.628660371,0.735647733,0
-0.865101575,0.589041946,0
0.531753473,0.849086722,0
0.368137732,-0.239756938,1
1.1115549,-0.505975836,1
1.000575467,0.216265052,0
0.309628635,-0.180463895,1
1.970164655,0.238080182,1
2.015501083,0.487637194,1
-0.668824409,0.80182141,0
-1.090992476,0.140943293,0
1.46455069,-0.389068515,1
2.047649211,0.353706643,1
0.812123868,0.377782088,0
0.993445775,0.401214898,0
1.866623509,-0.05739785,1
-0.615063755,0.784470474,0
-0.49377046,0.926330503,0
-0.703263158,0.706534974,0
0.833080195,0.593097794,0
0.419677775,0.932303425,0
0.061289481,-0.029986336,1
0.111869199,-0.032583588,1
-0.50820119,0.721360027,0
-0.049591039,0.462859036,1
-1.084731571,0.282470104,0
0.279268183,0.979542731,0
-0.336196881,1.00935673,0
0.13858331,-0.037314248,1
-0.845177347,0.573057221,0
0.048650871,0.21281823,1
1.998907218,0.436598412,1
1.52480963,-0.310845971,1
-0.852273115,0.693712445,0
0.31221189,-0.137076713,1
0.604822469,-0.414580294,1
-0.022098924,0.961760316,0
0.990277122,-0.520190042,1
0.058057941,0.254648821,1
1.947759882,0.07142116,1
0.314997164,-0.302236147,1
-1.043031435,0.044560156,0
1.106647563,-0.435029373,1
-0.211299412,0.940982188,0
0.934625801,0.316288665,0
1.964346665,0.23072643,1
0.721663602,0.67139236,0
0.146093182,-0.050480788,1
-0.342076317,0.937329169,0
2.011611586,0.448573216,1
0.974391153,0.314916286,0
0.298786256,-0.143717475,1
0.95592203,0.324981629,0
-0.408658197,0.963721999,0
0.742804095,0.680852326,0
1.743709293,-0.181210444,1
0.314714134,-0.137709628,1
-0.092031192,0.961372391,0
-0.702479349,0.769794816,0
0.839016947,0.400835229,0
-1.041318161,0.316274367,0
1.846008539,-0.076618244,1
0.407674064,-0.321501628,1
1.976894004,0.28472079,1
0.337384556,-0.334259761,1
0.586201229,-0.36888451,1
0.432562784,0.924589975,0
-0.87977461,0.345696726,0
-0.014394572,0.313793468,1
0.503783415,-0.239653562,1
-0.407768316,0.91440128,0
0.916260067,0.44422488,0
-0.418968505,0.901273685,0
1.1116429,-0.452599981,1
0.937453784,-0.52768119,1
0.835120234,0.624567604,0
-0.85101841,0.375569706,0
-0.915210244,0.378374922,0
-0.064243987,0.327803244,1
0.65979374,0.708016069,0
1.33579271,-0.448513822,1
0.410419504,-0.310220917,1
-0.162191805,0.998458687,0
0.223661042,-0.198823073,1
-0.570357757,0.831877277,0
1.032323961,0.1296806,0
0.217018712,-0.003042283,1
0.261615482,-0.285742212,1
0.04879558,0.984812878,0
-0.254938282,0.994803766,0
0.898794022,0.046837885,0
1.069669376,0.12604815,0
0.440227494,-0.285023524,1
0.136637443,0.198050506,1
1.120624492,-0.477246571,1
-0.973364477,0.339979015,0
0.053697579,0.231351215,1
1.262157467,-0.486460498,1
1.839316125,-0.081125477,1
2.052577566,0.427548368,1
1.932266392,0.410544299,1
0.306281539,0.951113619,0
-0.075340244,0.944024792,0
1.89891746,0.198504547,1
0.98122534,0.336561652,0
-0.921751325,0.360199701,0
1.07371497,0.279362131,0
0.037450012,0.350879668,1
1.242632226,-0.449358995,1
0.271189803,1.006296992,0
-0.955722238,-0.022154191,0
0.398928688,0.849623199,0
1.905541242,0.235736638,1
0.849079744,0.490683751,0
-0.957821098,0.3003142,0
0.417028276,0.889683047,0
1.93453446,0.306649714,1
0.479683215,-0.294547469,1
0.034986224,0.360210428,1
-1.038836866,0.211337322,0
0.205103323,-0.070758556,1
0.190625531,0.037918375,1
0.645647434,0.801434398,0
-0.628090502,0.715487017,0
0.732759815,0.664974187,0
-0.590563122,0.775440907,0
0.285149369,0.959786002,0
0.800147322,-0.467614066,1
-0.000920601,1.032516618,0
0.455245659,0.893279365,0
1.052180549,-0.475256503,1
1.226588123,-0.42556715,1
-0.432089591,0.925309127,0
1.82954367,0.255384181,1
0.944458205,0.191712748,0
-0.510157684,0.832587156,0
-0.93072561,0.161548757,0
-0.922595127,0.329888112,0
0.707978945,0.7399761,0
-0.613215886,0.766707969,0
1.25835304,-0.470191179,1
0.927008533,-0.498519528,1
0.324841716,0.903054914,0
0.871481532,0.453519228,0
-0.054499037,0.42191703,1
0.141363407,1.010462996,0
0.827176494,0.712773524,0
2.016851854,0.476307629,1
0.929436622,-0.456706402,1
2.042305155,0.548996679,1
1.901680784,0.163530413,1
-0.930354799,0.407546963,0
0.479895181,-0.351491284,1
1.983887086,0.347194471,1
0.017670573,0.484723221,1
1.639730687,-0.290390299,1
1.932340853,0.071913313,1
0.501825419,-0.281240492,1
1.921311425,0.087950668,1
1.27218805,-0.498398469,1
-0.179918242,1.051136953,0
0.453131882,0.835017938,0
0.576610665,0.918667475,0
0.918902363,0.050946011,0
1.661268525,-0.274173317,1
0.937542314,0.311416734,0
0.432592217,0.982485959,0
0.812409027,0.676360243,0
1.797159178,-0.22523247,1
1.851369092,0.019508973,1
-0.283105432,0.926137049,0
-0.33200647,0.897045217,0
0.697053172,0.674013116,0
-0.5848688,0.754202024,0
1.410478001,-0.486354627,1
0.287750083,0.903310022,0
2.012717528,0.390409785,1
1.90322111,0.379131184,1
-0.196605977,1.033605081,0
1.918604109,0.333566965,1
-0.511178491,0.91587214,0
0.251228253,-0.121686526,1
0.424416362,-0.280076887,1
-0.827322181,0.636587241,0
0.723173759,0.733239341,0
0.314637695,0.918349017,0
-0.198637328,0.852728195,0
1.403937915,-0.402679099,1
0.169446053,1.059231828,0
1.861147409,0.020544394,1
-0.875107576,0.614762468,0
-0.431734415,0.877782172,0
-0.473135827,0.958483723,0
-0.005457828,0.493190866,1
-0.779138943,0.791403684,0
0.062582833,0.223050211,1
1.450416881,-0.321252337,1
1.457998708,-0.323413193,1
-0.521386095,0.858723959,0
1.159840303,-0.501401773,1
0.20577281,-0.082981372,1
0.452967597,0.808903909,0
0.632244302,0.83470439,0
0.027568067,0.405447019,1
1.005633774,-0.060669353,0
1.173154662,-0.403368672,1
1.415812952,-0.360574486,1
-0.755428059,0.645589735,0
-0.921455551,0.104212828,0
0.319172029,0.959074511,0
-0.721720259,0.629172952,0
0.559405151,-0.415353882,1
1.154912526,-0.486450163,1
1.874627196,0.186733488,1
0.129949055,1.025789897,0
0.915930587,-0.453787264,1
0.965286731,0.047880365,0
1.659713117,-0.289382644,1
1.058690214,-0.531482482,1
1.30017863,-0.476471076,1
1.011569028,0.049703969,0
1.935926822,0.205163401,1
0.647293645,-0.501768199,1
0.196951897,-0.131321206,1
0.768646508,0.625615574,0
-0.268717058,0.917226371,0
0.91021089,-0.515726729,1
1.517311273,-0.313104776,1
-0.896193661,0.268710308,0
1.079939904,-0.470746928,1
0.819778135,0.514924892,0
-0.945709653,0.25547895,0
0.122346241,0.051893671,1
1.787602181,-0.139644741,1
0.752995097,0.51555304,0
0.1806999,0.006225681,1
-0.812868055,0.575579084,0
-0.233209173,0.953956628,0
0.423760086,-0.306385027,1
-0.760465258,0.70742969,0
1.7525902,-0.15904012,1
-0.047416892,1.142527298,0
0.103934791,-0.066128468,1
1.716571814,-0.148446641,1
0.062318195,-0.103880358,1
-0.899097164,0.400504493,0
1.183182686,-0.511290257,1
1.902193317,0.154400757,1
-0.103014758,1.005289741,0
0.30017349,-0.307560139,1
0.257369187,0.968842248,0
1.109539242,0.205086228,0
0.770578185,0.568366226,0
0.934576784,0.06006245,0
0.969278709,0.282622083,0
1.654505846,-0.246114375,1
0.03238851,0.169728519,1
0.050433379,0.403408148,1
1.600779161,-0.341650687,1
-0.957759845,0.337992492,0
0.855063067,-0.50821928,1
1.747808278,-0.193789958,1
0.653935688,0.794220788,0
1.393704019,-0.430917672,1
2.026834899,0.404618728,1
0.582225422,0.810004121,0
0.90036697,0.247612849,0
0.223585755,-0.021074837,1
1.913451331,0.078151861,1
-0.939789349,0.600428109,0
0.634624774,-0.382429293,1
1.18561912,-0.384661693,1
0.30129193,-0.396077943,1
0.062251975,0.188547258,1
0.439218627,0.809028224,0
0.114074783,0.08659627,1
0.385133286,0.924554201,0
0.636799943,-0.372632305,1
0.274617443,-0.202793198,1
1.972595481,0.127308741,1
0.13773691,0.092172462,1
-0.044041583,1.066222571,0
0.546031411,0.878941702,0
0.849479463,0.411200058,0
0.215149789,0.099632941,1
0.908682378,-0.476566925,1
0.495082684,0.941847525,0
-0.752202766,0.614888311,0
0.619550319,-0.325722214,1
-0.833068894,0.540707248,0
1.887803481,-0.164008561,1
1.901956651,0.181567347,1
-0.376924544,0.949594485,0
0.341580979,0.966419803,0
-0.073042406,0.397439212,1
0.021346908,0.296053403,1
-0.642642156,0.716163387,0
1.937418039,0.23123673,1
1.406180753,-0.399618164,1
0.243132642,-0.237591297,1
1.046155809,-0.455959626,1
0.196479598,0.990914913,0
-0.678494246,0.746110953,0
1.480256687,-0.350615,1
1.495622126,-0.416584353,1
0.627391607,0.820521677,0
-0.845935693,0.24007716,0
0.176937669,0.156806652,1
1.623275753,-0.226134775,1
0.025650774,0.264180722,1
0.736716625,-0.510448221,1
1.759529165,-0.164661491,1
0.992857957,0.297352208,0
1.004335158,0.050846941,0
-0.329658533,0.829825247,0
1.959744404,0.319911882,1
1.917142321,0.079347333,1
1.779574179,-0.063431159,1
1.95690118,0.417774802,1
-0.838951386,0.550626821,0
-0.312107417,0.972093675,0
0.054082745,1.055564049,0
1.939327797,0.0295647,1
0.766660528,0.556357793,0
0.994651082,0.068223296,0
0.076859149,0.33772201,1
-0.630297847,0.80976712,0
-0.447664682,0.79741664,0
-0.422787459,0.921586187,0
0.199730675,-0.283831404,1
-1.082444759,0.130062422,0
0.932234007,0.388891638,0
1.795673086,-0.195881176,1
0.788853506,0.498824036,0
0.241844895,0.906703009,0
0.309587508,-0.181482381,1
1.393854167,-0.445826973,1
-0.668385683,0.72954046,0
0.897550697,0.245723908,0
0.079552323,0.124947481,1
0.905924172,0.329090605,0
0.474081458,0.860558916,0
1.869998421,-0.01618959,1
-0.433127364,0.80994739,0
1.909509271,0.029896862,1
0.546230685,-0.360031334,1
0.040900163,0.370692969,1
